{
  "endpoints": {
    "google": {
      "auth": "https://accounts.google.com/oauth/authorize",
      "drive": "https://www.googleapis.com/drive/v3",
      "classroom": "https://classroom.googleapis.com/v1"
    },
    "github": {
      "auth": "https://github.com/login/oauth/authorize",
      "api": "https://api.github.com"
    },
    "canvas": {
      "baseUrl": "https://canvas.instructure.com/api/v1"
    }
  },
  "features": {
    "collaboration": {
      "enabled": true,
      "maxCollaborators": 10
    },
    "autoSave": {
      "enabled": true,
      "intervalMs": 30000
    },
    "syntaxHighlighting": {
      "enabled": true,
      "theme": "numberscript-dark"
    }
  }
}
