{
  "google": {
    "clientId": "",
    "scope": "https://www.googleapis.com/auth/drive.file",
    "discoveryDocs": ["https://www.googleapis.com/discovery/v1/apis/drive/v3/rest"]
  },
  "github": {
    "clientId": "",
    "scope": "repo,user:email"
  },
  "lms": {
    "canvas": {
      "enabled": false,
      "clientId": "",
      "scope": "url:POST|/api/v1/courses/:course_id/assignments"
    },
    "googleClassroom": {
      "enabled": false,
      "clientId": "",
      "scope": "https://www.googleapis.com/auth/classroom.courses"
    }
  }
}
